{
  "n_samples": 588,
  "per_metric": {
    "expected_goals": {
      "mae": 0.05359786007193798,
      "mean_pct_error": 90.09724501306593,
      "within_10_pct": 11.829944547134936,
      "within_20_pct": 22.73567467652495,
      "direction_accuracy": 62.96992481203007,
      "naive_mae": 0.05386377521691572,
      "improvement_vs_naive": 0.4936808530535881,
      "trained_mse": 0.006154121595670277,
      "naive_mse": 0.00691669083517682
    },
    "expected_assists": {
      "mae": 0.031956419326171166,
      "mean_pct_error": 93.86120621231139,
      "within_10_pct": 13.217391304347824,
      "within_20_pct": 27.47826086956522,
      "direction_accuracy": 69.96268656716418,
      "naive_mae": 0.033969217958037666,
      "improvement_vs_naive": 5.925360525970658,
      "trained_mse": 0.0018352518113849072,
      "naive_mse": 0.002249090693943422
    },
    "shots": {
      "mae": 0.32129012330809015,
      "mean_pct_error": 42.60180763720264,
      "within_10_pct": 21.811460258780038,
      "within_20_pct": 41.0351201478743,
      "direction_accuracy": 57.4585635359116,
      "naive_mae": 0.3206486373721641,
      "improvement_vs_naive": -0.20005883735645158,
      "trained_mse": 0.18929383711580575,
      "naive_mse": 0.19402568029193618
    },
    "successful_dribbles": {
      "mae": 0.22999778207467528,
      "mean_pct_error": 48.46950274758402,
      "within_10_pct": 14.925373134328357,
      "within_20_pct": 32.276119402985074,
      "direction_accuracy": 68.23104693140795,
      "naive_mae": 0.27755629238007323,
      "improvement_vs_naive": 17.13472603974456,
      "trained_mse": 0.11055243332746248,
      "naive_mse": 0.15389911773583084
    },
    "successful_crosses": {
      "mae": 0.22575005861379357,
      "mean_pct_error": 90.39721361423054,
      "within_10_pct": 11.59090909090909,
      "within_20_pct": 20.909090909090907,
      "direction_accuracy": 62.396694214876035,
      "naive_mae": 0.21450476167837576,
      "improvement_vs_naive": -5.242446296963231,
      "trained_mse": 0.12546608414758262,
      "naive_mse": 0.12149234306148013
    },
    "touches_in_opposition_box": {
      "mae": 0.8705797413503434,
      "mean_pct_error": 52.21085904075679,
      "within_10_pct": 21.768707482993197,
      "within_20_pct": 44.5578231292517,
      "direction_accuracy": 63.202725724020446,
      "naive_mae": 0.8643232276726539,
      "improvement_vs_naive": -0.7238627260470977,
      "trained_mse": 1.291222339471674,
      "naive_mse": 1.4209692201022242
    },
    "successful_passes": {
      "mae": 5.442881489286617,
      "mean_pct_error": 20.665814326823263,
      "within_10_pct": 34.523809523809526,
      "within_20_pct": 62.585034013605444,
      "direction_accuracy": 56.292517006802726,
      "naive_mae": 5.1766042749897965,
      "improvement_vs_naive": -5.143858795297728,
      "trained_mse": 54.2850418430047,
      "naive_mse": 52.278940858981684
    },
    "pass_completion_pct": {
      "mae": 3.6393882141632288,
      "mean_pct_error": 4.727201505092512,
      "within_10_pct": 89.79591836734694,
      "within_20_pct": 98.46938775510205,
      "direction_accuracy": 53.2312925170068,
      "naive_mae": 3.42416204076235,
      "improvement_vs_naive": -6.285513677178703,
      "trained_mse": 24.29965460294548,
      "naive_mse": 22.03448469550623
    },
    "accurate_long_balls": {
      "mae": 0.604805997629859,
      "mean_pct_error": 68.45959283265539,
      "within_10_pct": 19.48717948717949,
      "within_20_pct": 36.06837606837607,
      "direction_accuracy": 61.224489795918366,
      "naive_mae": 0.5816353734291229,
      "improvement_vs_naive": -3.98370272154014,
      "trained_mse": 0.8110472100632752,
      "naive_mse": 0.7770890109299787
    },
    "chances_created": {
      "mae": 0.2830989237266536,
      "mean_pct_error": 46.48983677372481,
      "within_10_pct": 17.290552584670234,
      "within_20_pct": 34.046345811051694,
      "direction_accuracy": 62.91739894551846,
      "naive_mae": 0.29871309691799336,
      "improvement_vs_naive": 5.227147169789611,
      "trained_mse": 0.1387542094480492,
      "naive_mse": 0.15381879169715587
    },
    "clearances": {
      "mae": 0.5379343198827741,
      "mean_pct_error": 48.831866713163286,
      "within_10_pct": 17.152658662092623,
      "within_20_pct": 33.61921097770154,
      "direction_accuracy": 60.81771720613288,
      "naive_mae": 0.5134802728409873,
      "improvement_vs_naive": -4.762412177295001,
      "trained_mse": 0.526278396839095,
      "naive_mse": 0.5389511884795912
    },
    "interceptions": {
      "mae": 0.24405251203269576,
      "mean_pct_error": 62.201196022941716,
      "within_10_pct": 18.147448015122876,
      "within_20_pct": 31.947069943289225,
      "direction_accuracy": 64.86486486486487,
      "naive_mae": 0.25904115744340583,
      "improvement_vs_naive": 5.786202300298448,
      "trained_mse": 0.10205529742532746,
      "naive_mse": 0.12458561486684035
    },
    "possession_won_final_3rd": {
      "mae": 0.26602989266987664,
      "mean_pct_error": 40.42977060076732,
      "within_10_pct": 19.92753623188406,
      "within_20_pct": 40.76086956521739,
      "direction_accuracy": 67.02317290552585,
      "naive_mae": 0.29890816389792124,
      "improvement_vs_naive": 10.999455752326893,
      "trained_mse": 0.13693296213884829,
      "naive_mse": 0.17695818622270565
    }
  },
  "overall": {
    "mean_trained_mse": 6.309560660718028,
    "mean_naive_mse": 5.998798499184982,
    "overall_improvement_pct": -5.180406736036679,
    "metrics_improved": 6,
    "metrics_total": 13
  },
  "meta": {
    "n_train": 3142,
    "n_test": 588,
    "leakage_check": "passed"
  }
}