{
  "n_samples": 1344,
  "skipped_no_coverage": 72,
  "per_metric": {
    "expected_goals": {
      "mae": 0.06959262373304753,
      "mean_pct_error": 94.49578329741227,
      "within_10_pct": 10.704225352112676,
      "within_20_pct": 23.75586854460094,
      "direction_accuracy": 69.02485659655831,
      "naive_mae": 0.06017114796452246,
      "improvement_vs_naive": -15.657796281500344,
      "trained_mse": 0.008998154761842096,
      "naive_mse": 0.010367727302857899
    },
    "expected_assists": {
      "mae": 0.04122935543235565,
      "mean_pct_error": 78.20908505267218,
      "within_10_pct": 12.132024977698483,
      "within_20_pct": 27.29705619982159,
      "direction_accuracy": 66.72950047125353,
      "naive_mae": 0.03959779860662317,
      "improvement_vs_naive": -4.120322046033081,
      "trained_mse": 0.003036374558385885,
      "naive_mse": 0.0038147979111285845
    },
    "shots": {
      "mae": 0.3766562933730634,
      "mean_pct_error": 44.92095674179334,
      "within_10_pct": 21.247892074198987,
      "within_20_pct": 40.55649241146712,
      "direction_accuracy": 59.36454849498328,
      "naive_mae": 0.3250744502446702,
      "improvement_vs_naive": -15.867701411036661,
      "trained_mse": 0.2513357492017928,
      "naive_mse": 0.2014516321563995
    },
    "successful_dribbles": {
      "mae": 0.2978639443908176,
      "mean_pct_error": 68.51926366873863,
      "within_10_pct": 15.568862275449103,
      "within_20_pct": 29.255774165953806,
      "direction_accuracy": 68.21576763485477,
      "naive_mae": 0.30960613124090125,
      "improvement_vs_naive": 3.7926209028939373,
      "trained_mse": 0.17471047289753777,
      "naive_mse": 0.2067528806133771
    },
    "successful_crosses": {
      "mae": 0.3046882283412898,
      "mean_pct_error": 133.6546252235795,
      "within_10_pct": 9.034907597535934,
      "within_20_pct": 21.149897330595483,
      "direction_accuracy": 64.26540284360189,
      "naive_mae": 0.23008875739204246,
      "improvement_vs_naive": -32.422040865794735,
      "trained_mse": 0.17063481187324656,
      "naive_mse": 0.14632002246391534
    },
    "touches_in_opposition_box": {
      "mae": 0.8366884036471411,
      "mean_pct_error": 52.964286903758676,
      "within_10_pct": 25.157232704402517,
      "within_20_pct": 45.20440251572327,
      "direction_accuracy": 62.15578284815106,
      "naive_mae": 0.889017679828143,
      "improvement_vs_naive": 5.886190721327121,
      "trained_mse": 1.3418529785026307,
      "naive_mse": 1.5617255511661459
    },
    "successful_passes": {
      "mae": 5.182238210659656,
      "mean_pct_error": 18.184162684104322,
      "within_10_pct": 35.770440251572325,
      "within_20_pct": 66.4308176100629,
      "direction_accuracy": 57.07547169811321,
      "naive_mae": 5.318187357119794,
      "improvement_vs_naive": 2.556306074439717,
      "trained_mse": 52.65923298351539,
      "naive_mse": 56.609422201757155
    },
    "pass_completion_pct": {
      "mae": 3.608016246356108,
      "mean_pct_error": 4.787557768844755,
      "within_10_pct": 89.46540880503144,
      "within_20_pct": 99.05660377358491,
      "direction_accuracy": 58.490566037735846,
      "naive_mae": 3.751345730427676,
      "improvement_vs_naive": 3.8207484559208393,
      "trained_mse": 22.8835977639782,
      "naive_mse": 24.98958822161846
    },
    "accurate_long_balls": {
      "mae": 0.589218749877758,
      "mean_pct_error": 52.931877680304304,
      "within_10_pct": 16.48177496038035,
      "within_20_pct": 34.86529318541997,
      "direction_accuracy": 57.43509047993706,
      "naive_mae": 0.5941260303019212,
      "improvement_vs_naive": 0.8259662384543984,
      "trained_mse": 0.739440151564692,
      "naive_mse": 0.7701850915259876
    },
    "chances_created": {
      "mae": 0.3413021376251102,
      "mean_pct_error": 78.79568965894426,
      "within_10_pct": 16.094771241830067,
      "within_20_pct": 31.61764705882353,
      "direction_accuracy": 63.996763754045304,
      "naive_mae": 0.3065036954416794,
      "improvement_vs_naive": -11.353351591172627,
      "trained_mse": 0.21067393567799614,
      "naive_mse": 0.17970978614488345
    },
    "clearances": {
      "mae": 0.5129476562402157,
      "mean_pct_error": 52.17788510795409,
      "within_10_pct": 21.632329635499207,
      "within_20_pct": 40.41204437400951,
      "direction_accuracy": 60.04746835443038,
      "naive_mae": 0.5201518865003479,
      "improvement_vs_naive": 1.3850243452164168,
      "trained_mse": 0.5665404171276,
      "naive_mse": 0.6042850875516323
    },
    "interceptions": {
      "mae": 0.2853510234653071,
      "mean_pct_error": 73.45724693252527,
      "within_10_pct": 17.442845046570703,
      "within_20_pct": 33.95427603725656,
      "direction_accuracy": 66.41914191419141,
      "naive_mae": 0.2655124212995921,
      "improvement_vs_naive": -7.471816975119971,
      "trained_mse": 0.1463084926898024,
      "naive_mse": 0.1333944005240424
    },
    "possession_won_final_3rd": {
      "mae": 0.3000682567602437,
      "mean_pct_error": 60.30078013435129,
      "within_10_pct": 19.63545981772991,
      "within_20_pct": 39.51946975973488,
      "direction_accuracy": 63.97718011409943,
      "naive_mae": 0.28803592801252204,
      "improvement_vs_naive": -4.17737079910342,
      "trained_mse": 0.1575252411473147,
      "naive_mse": 0.15549695783650092
    }
  },
  "overall": {
    "mean_trained_mse": 6.101068271345879,
    "mean_naive_mse": 6.582501104505576,
    "overall_improvement_pct": 7.3138283688272745,
    "metrics_improved": 6,
    "metrics_total": 13
  },
  "meta": {
    "n_train": 7034,
    "n_test": 1344,
    "leakage_check": "passed"
  }
}