{
  "n_samples": 1344,
  "skipped_no_coverage": 72,
  "per_metric": {
    "expected_goals": {
      "mae": 0.05611567320668481,
      "mean_pct_error": 67.74429515268722,
      "within_10_pct": 11.455399061032864,
      "within_20_pct": 21.784037558685444,
      "direction_accuracy": 68.82745471877979,
      "naive_mae": 0.06007900956836741,
      "improvement_vs_naive": 6.5968736671207715,
      "trained_mse": 0.009368157216599936,
      "naive_mse": 0.010405213534153666
    },
    "expected_assists": {
      "mae": 0.03530696885050202,
      "mean_pct_error": 61.449517990332126,
      "within_10_pct": 13.02408563782337,
      "within_20_pct": 25.423728813559322,
      "direction_accuracy": 67.38925541941565,
      "naive_mae": 0.039421540732497685,
      "improvement_vs_naive": 10.437369533362162,
      "trained_mse": 0.0026803573214382306,
      "naive_mse": 0.0038047787661680023
    },
    "shots": {
      "mae": 0.3055319895409409,
      "mean_pct_error": 37.6582483124238,
      "within_10_pct": 22.681281618887013,
      "within_20_pct": 42.83305227655986,
      "direction_accuracy": 61.95652173913043,
      "naive_mae": 0.3264797172954294,
      "improvement_vs_naive": 6.416241697346556,
      "trained_mse": 0.17602347309142327,
      "naive_mse": 0.2024271392114002
    },
    "successful_dribbles": {
      "mae": 0.24270554974709468,
      "mean_pct_error": 50.87443523385272,
      "within_10_pct": 14.957264957264957,
      "within_20_pct": 31.025641025641026,
      "direction_accuracy": 70.97844112769486,
      "naive_mae": 0.30755479462040625,
      "improvement_vs_naive": 21.085428030263852,
      "trained_mse": 0.1328202622916946,
      "naive_mse": 0.20381031334500158
    },
    "successful_crosses": {
      "mae": 0.22323395074640767,
      "mean_pct_error": 90.93694953237586,
      "within_10_pct": 11.921891058581705,
      "within_20_pct": 21.171634121274412,
      "direction_accuracy": 62.274881516587676,
      "naive_mae": 0.22878089564143675,
      "improvement_vs_naive": 2.4245664741704136,
      "trained_mse": 0.13810158290632282,
      "naive_mse": 0.1440121788732953
    },
    "touches_in_opposition_box": {
      "mae": 0.8365989592439895,
      "mean_pct_error": 51.20568875394473,
      "within_10_pct": 24.056603773584907,
      "within_20_pct": 44.65408805031446,
      "direction_accuracy": 63.65066876475216,
      "naive_mae": 0.8929864613093296,
      "improvement_vs_naive": 6.314485662264421,
      "trained_mse": 1.3154286162071511,
      "naive_mse": 1.5695462082306109
    },
    "successful_passes": {
      "mae": 5.150577488139175,
      "mean_pct_error": 18.284578569463623,
      "within_10_pct": 36.556603773584904,
      "within_20_pct": 66.0377358490566,
      "direction_accuracy": 59.512578616352194,
      "naive_mae": 5.3218347044111045,
      "improvement_vs_naive": 3.2180108136387644,
      "trained_mse": 51.80261918304867,
      "naive_mse": 56.64112950428109
    },
    "pass_completion_pct": {
      "mae": 3.585152233030998,
      "mean_pct_error": 4.742348072460349,
      "within_10_pct": 88.9937106918239,
      "within_20_pct": 99.29245283018868,
      "direction_accuracy": 61.242138364779876,
      "naive_mae": 3.741863361694528,
      "improvement_vs_naive": 4.188050538343613,
      "trained_mse": 22.41923783813662,
      "naive_mse": 24.734913754193133
    },
    "accurate_long_balls": {
      "mae": 0.5609237365225552,
      "mean_pct_error": 43.40625379910115,
      "within_10_pct": 17.828843106180667,
      "within_20_pct": 36.212361331220286,
      "direction_accuracy": 57.67112509834775,
      "naive_mae": 0.5944810633506602,
      "improvement_vs_naive": 5.6448100531523355,
      "trained_mse": 0.6878457069726457,
      "naive_mse": 0.7724163867933924
    },
    "chances_created": {
      "mae": 0.28634145540816486,
      "mean_pct_error": 43.2244471235533,
      "within_10_pct": 17.565359477124183,
      "within_20_pct": 33.088235294117645,
      "direction_accuracy": 64.64401294498381,
      "naive_mae": 0.30590463918487326,
      "improvement_vs_naive": 6.3951902883321115,
      "trained_mse": 0.16025074737653816,
      "naive_mse": 0.177632401856432
    },
    "clearances": {
      "mae": 0.47731437656586106,
      "mean_pct_error": 43.71525561282816,
      "within_10_pct": 21.949286846275754,
      "within_20_pct": 43.18541996830428,
      "direction_accuracy": 64.79430379746836,
      "naive_mae": 0.5200043243426338,
      "improvement_vs_naive": 8.209537070819446,
      "trained_mse": 0.4750502726503795,
      "naive_mse": 0.6029271919617367
    },
    "interceptions": {
      "mae": 0.22906432585366085,
      "mean_pct_error": 46.58246168256838,
      "within_10_pct": 18.882303132938187,
      "within_20_pct": 36.07112616426757,
      "direction_accuracy": 67.02390766694147,
      "naive_mae": 0.26507264123526664,
      "improvement_vs_naive": 13.584319835424438,
      "trained_mse": 0.10291950815016734,
      "naive_mse": 0.13316551238125832
    },
    "possession_won_final_3rd": {
      "mae": 0.25080604703482046,
      "mean_pct_error": 39.71079856143436,
      "within_10_pct": 20.878210439105217,
      "within_20_pct": 41.42502071251036,
      "direction_accuracy": 63.895680521597384,
      "naive_mae": 0.28817783029451266,
      "improvement_vs_naive": 12.968306139823074,
      "trained_mse": 0.11233345408217305,
      "naive_mse": 0.15596611358475315
    }
  },
  "overall": {
    "mean_trained_mse": 5.964206089188602,
    "mean_naive_mse": 6.5655505151548015,
    "overall_improvement_pct": 9.159086120473187,
    "metrics_improved": 13,
    "metrics_total": 13
  },
  "meta": {
    "n_train": 7048,
    "n_test": 1344,
    "leakage_check": "passed"
  }
}