{
  "n_samples": 1344,
  "skipped_no_coverage": 72,
  "per_metric": {
    "expected_goals": {
      "mae": 0.057731694524348315,
      "mean_pct_error": 68.38650367236922,
      "within_10_pct": 10.704225352112676,
      "within_20_pct": 22.15962441314554,
      "direction_accuracy": 65.5862726406101,
      "naive_mae": 0.06010023599426275,
      "improvement_vs_naive": 3.9409853068472804,
      "trained_mse": 0.009193388564996099,
      "naive_mse": 0.010404665707106643
    },
    "expected_assists": {
      "mae": 0.03586267939040236,
      "mean_pct_error": 62.24320837357051,
      "within_10_pct": 13.02408563782337,
      "within_20_pct": 27.29705619982159,
      "direction_accuracy": 65.78699340245052,
      "naive_mae": 0.039314622458406584,
      "improvement_vs_naive": 8.78030323617187,
      "trained_mse": 0.0027100870004895046,
      "naive_mse": 0.0037938227386550166
    },
    "shots": {
      "mae": 0.30187450924351444,
      "mean_pct_error": 37.296034463506345,
      "within_10_pct": 23.861720067453625,
      "within_20_pct": 42.748735244519395,
      "direction_accuracy": 62.95986622073578,
      "naive_mae": 0.32553569209006317,
      "improvement_vs_naive": 7.268383597090357,
      "trained_mse": 0.1742533473920114,
      "naive_mse": 0.20164533975369994
    },
    "successful_dribbles": {
      "mae": 0.24753440455683848,
      "mean_pct_error": 53.50217580837096,
      "within_10_pct": 15.128205128205128,
      "within_20_pct": 30.512820512820515,
      "direction_accuracy": 70.39800995024875,
      "naive_mae": 0.30867877273539185,
      "improvement_vs_naive": 19.808413658223284,
      "trained_mse": 0.13457233014498127,
      "naive_mse": 0.20479907220507734
    },
    "successful_crosses": {
      "mae": 0.2240847487879733,
      "mean_pct_error": 88.47062867862168,
      "within_10_pct": 10.894141829393627,
      "within_20_pct": 21.377183967112025,
      "direction_accuracy": 61.137440758293835,
      "naive_mae": 0.2298309743146664,
      "improvement_vs_naive": 2.5001963046224667,
      "trained_mse": 0.1388094182525759,
      "naive_mse": 0.14598800509409435
    },
    "touches_in_opposition_box": {
      "mae": 0.8383509484383973,
      "mean_pct_error": 53.212267281954105,
      "within_10_pct": 24.92138364779874,
      "within_20_pct": 44.10377358490566,
      "direction_accuracy": 63.335955940204556,
      "naive_mae": 0.8905247474007262,
      "improvement_vs_naive": 5.858770249183345,
      "trained_mse": 1.3555796584902828,
      "naive_mse": 1.5645762137827275
    },
    "successful_passes": {
      "mae": 5.123216687926798,
      "mean_pct_error": 17.933094486342156,
      "within_10_pct": 36.79245283018868,
      "within_20_pct": 67.68867924528303,
      "direction_accuracy": 61.242138364779876,
      "naive_mae": 5.326548228473784,
      "improvement_vs_naive": 3.817322810672193,
      "trained_mse": 51.525529977925146,
      "naive_mse": 56.72673992440043
    },
    "pass_completion_pct": {
      "mae": 3.572827699837602,
      "mean_pct_error": 4.728064405068436,
      "within_10_pct": 88.60062893081762,
      "within_20_pct": 99.29245283018868,
      "direction_accuracy": 60.84905660377359,
      "naive_mae": 3.7436111558158442,
      "improvement_vs_naive": 4.561997730798609,
      "trained_mse": 22.402077896456277,
      "naive_mse": 24.81160812757536
    },
    "accurate_long_balls": {
      "mae": 0.5628995200114749,
      "mean_pct_error": 43.61862255902629,
      "within_10_pct": 17.432646592709986,
      "within_20_pct": 36.29160063391442,
      "direction_accuracy": 58.929976396538166,
      "naive_mae": 0.5955187983506318,
      "improvement_vs_naive": 5.477455695689256,
      "trained_mse": 0.6809886341094281,
      "naive_mse": 0.7728153315965315
    },
    "chances_created": {
      "mae": 0.2843074785269141,
      "mean_pct_error": 43.465004884051744,
      "within_10_pct": 17.72875816993464,
      "within_20_pct": 33.251633986928105,
      "direction_accuracy": 63.834951456310684,
      "naive_mae": 0.3058356927391493,
      "improvement_vs_naive": 7.039143802812061,
      "trained_mse": 0.15809463145572483,
      "naive_mse": 0.1787924108796432
    },
    "clearances": {
      "mae": 0.48738685488782285,
      "mean_pct_error": 45.27861112807972,
      "within_10_pct": 20.91917591125198,
      "within_20_pct": 41.521394611727416,
      "direction_accuracy": 63.68670886075949,
      "naive_mae": 0.5195014156582736,
      "improvement_vs_naive": 6.1818042843555165,
      "trained_mse": 0.48292398169716566,
      "naive_mse": 0.6022821335255258
    },
    "interceptions": {
      "mae": 0.23395312749522998,
      "mean_pct_error": 47.34026252917968,
      "within_10_pct": 16.68077900084674,
      "within_20_pct": 34.80101608806096,
      "direction_accuracy": 64.38582028029678,
      "naive_mae": 0.2654499993190966,
      "improvement_vs_naive": 11.865463139822543,
      "trained_mse": 0.10508169383114156,
      "naive_mse": 0.13340200544235506
    },
    "possession_won_final_3rd": {
      "mae": 0.24975234525095832,
      "mean_pct_error": 40.100251883081114,
      "within_10_pct": 21.789560894780447,
      "within_20_pct": 41.673570836785416,
      "direction_accuracy": 64.22167889160554,
      "naive_mae": 0.2880946542736752,
      "improvement_vs_naive": 13.308927622896341,
      "trained_mse": 0.1124191697777925,
      "naive_mse": 0.15583678910234605
    }
  },
  "overall": {
    "mean_trained_mse": 5.944787247315232,
    "mean_naive_mse": 6.577898757061812,
    "overall_improvement_pct": 9.62482903931734,
    "metrics_improved": 13,
    "metrics_total": 13
  },
  "meta": {
    "n_train": 7048,
    "n_test": 1344,
    "leakage_check": "passed"
  }
}