{
  "n_samples": 588,
  "per_metric": {
    "expected_goals": {
      "mae": 0.05094665355329421,
      "mean_pct_error": 68.71487378764431,
      "within_10_pct": 13.493530499075785,
      "within_20_pct": 27.54158964879852,
      "direction_accuracy": 60.338345864661655,
      "naive_mae": 0.05386377521691572,
      "improvement_vs_naive": 5.415739338495895,
      "trained_mse": 0.006220763641113172,
      "naive_mse": 0.00691669083517682
    },
    "expected_assists": {
      "mae": 0.0321562692054421,
      "mean_pct_error": 75.26327088094759,
      "within_10_pct": 15.65217391304348,
      "within_20_pct": 28.695652173913043,
      "direction_accuracy": 64.17910447761194,
      "naive_mae": 0.033969217958037666,
      "improvement_vs_naive": 5.337034119640635,
      "trained_mse": 0.0019480427154570728,
      "naive_mse": 0.002249090693943422
    },
    "shots": {
      "mae": 0.29850701010765407,
      "mean_pct_error": 37.45903650915593,
      "within_10_pct": 21.441774491682068,
      "within_20_pct": 46.21072088724584,
      "direction_accuracy": 61.69429097605893,
      "naive_mae": 0.3206486373721641,
      "improvement_vs_naive": 6.9052616115786325,
      "trained_mse": 0.16987285205728894,
      "naive_mse": 0.19402568029193618
    },
    "successful_dribbles": {
      "mae": 0.2268392465704558,
      "mean_pct_error": 47.12997649572327,
      "within_10_pct": 15.671641791044777,
      "within_20_pct": 33.76865671641791,
      "direction_accuracy": 69.85559566787003,
      "naive_mae": 0.27755629238007323,
      "improvement_vs_naive": 18.27270618681121,
      "trained_mse": 0.10989598215930202,
      "naive_mse": 0.15389911773583084
    },
    "successful_crosses": {
      "mae": 0.2274272933896935,
      "mean_pct_error": 97.69735835111041,
      "within_10_pct": 9.772727272727273,
      "within_20_pct": 20.909090909090907,
      "direction_accuracy": 55.371900826446286,
      "naive_mae": 0.21450476167837576,
      "improvement_vs_naive": -6.024356573815146,
      "trained_mse": 0.12762209495987925,
      "naive_mse": 0.12149234306148013
    },
    "touches_in_opposition_box": {
      "mae": 0.8192587297086661,
      "mean_pct_error": 44.182777167580156,
      "within_10_pct": 27.2108843537415,
      "within_20_pct": 45.91836734693878,
      "direction_accuracy": 60.81771720613288,
      "naive_mae": 0.8643232276726539,
      "improvement_vs_naive": 5.213847843165351,
      "trained_mse": 1.1992643703425045,
      "naive_mse": 1.4209692201022242
    },
    "successful_passes": {
      "mae": 5.041698952186472,
      "mean_pct_error": 17.876524535324794,
      "within_10_pct": 36.904761904761905,
      "within_20_pct": 70.06802721088435,
      "direction_accuracy": 55.61224489795919,
      "naive_mae": 5.1766042749897965,
      "improvement_vs_naive": 2.606058250484875,
      "trained_mse": 47.90720570820416,
      "naive_mse": 52.278940858981684
    },
    "pass_completion_pct": {
      "mae": 3.4004376454114102,
      "mean_pct_error": 4.382819530762373,
      "within_10_pct": 90.98639455782312,
      "within_20_pct": 98.46938775510205,
      "direction_accuracy": 55.78231292517006,
      "naive_mae": 3.42416204076235,
      "improvement_vs_naive": 0.6928525889989032,
      "trained_mse": 22.177958156542186,
      "naive_mse": 22.03448469550623
    },
    "accurate_long_balls": {
      "mae": 0.5608366240040862,
      "mean_pct_error": 50.1076310418113,
      "within_10_pct": 17.094017094017094,
      "within_20_pct": 35.8974358974359,
      "direction_accuracy": 56.80272108843537,
      "naive_mae": 0.5816353734291229,
      "improvement_vs_naive": 3.5759086147760204,
      "trained_mse": 0.6945673638755127,
      "naive_mse": 0.7770890109299787
    },
    "chances_created": {
      "mae": 0.286466163352645,
      "mean_pct_error": 46.77390573046717,
      "within_10_pct": 15.508021390374333,
      "within_20_pct": 32.263814616755795,
      "direction_accuracy": 61.6871704745167,
      "naive_mae": 0.29871309691799336,
      "improvement_vs_naive": 4.0998984281933,
      "trained_mse": 0.14446292607734887,
      "naive_mse": 0.15381879169715587
    },
    "clearances": {
      "mae": 0.5142442744073211,
      "mean_pct_error": 41.29628462972833,
      "within_10_pct": 18.69639794168096,
      "within_20_pct": 38.93653516295026,
      "direction_accuracy": 62.180579216354346,
      "naive_mae": 0.5134802728409873,
      "improvement_vs_naive": -0.1487888837689429,
      "trained_mse": 0.5089910158275174,
      "naive_mse": 0.5389511884795912
    },
    "interceptions": {
      "mae": 0.2470295518845776,
      "mean_pct_error": 56.315194405937504,
      "within_10_pct": 16.6351606805293,
      "within_20_pct": 32.89224952741021,
      "direction_accuracy": 58.37837837837838,
      "naive_mae": 0.25904115744340583,
      "improvement_vs_naive": 4.636948690847509,
      "trained_mse": 0.10727001466599742,
      "naive_mse": 0.12458561486684035
    },
    "possession_won_final_3rd": {
      "mae": 0.263841977238427,
      "mean_pct_error": 38.96532545176741,
      "within_10_pct": 22.82608695652174,
      "within_20_pct": 39.85507246376812,
      "direction_accuracy": 63.63636363636363,
      "naive_mae": 0.29890816389792124,
      "improvement_vs_naive": 11.731424863815205,
      "trained_mse": 0.13718338109492287,
      "naive_mse": 0.17695818622270565
    }
  },
  "overall": {
    "mean_trained_mse": 5.637881744012554,
    "mean_naive_mse": 5.998798499184982,
    "overall_improvement_pct": 6.016484054622998,
    "metrics_improved": 11,
    "metrics_total": 13
  },
  "meta": {
    "n_train": 3142,
    "n_test": 588,
    "leakage_check": "passed"
  }
}