{
  "n_samples": 1337,
  "skipped_no_coverage": 88,
  "per_metric": {
    "expected_goals": {
      "mae": 0.06975583112875688,
      "mean_pct_error": 95.02233753768851,
      "within_10_pct": 13.31417624521073,
      "within_20_pct": 23.850574712643677,
      "direction_accuracy": 68.92156862745098,
      "naive_mae": 0.0601018416047789,
      "improvement_vs_naive": -16.06271832311103,
      "trained_mse": 0.009188603440573935,
      "naive_mse": 0.010514724300173263
    },
    "expected_assists": {
      "mae": 0.04132384564474581,
      "mean_pct_error": 82.1547975306073,
      "within_10_pct": 14.025500910746814,
      "within_20_pct": 28.051001821493628,
      "direction_accuracy": 68.76790830945558,
      "naive_mae": 0.039351400984969406,
      "improvement_vs_naive": -5.012387387503168,
      "trained_mse": 0.0030374122264537917,
      "naive_mse": 0.0037785322827021376
    },
    "shots": {
      "mae": 0.3821015094665031,
      "mean_pct_error": 45.719257031155216,
      "within_10_pct": 21.630901287553648,
      "within_20_pct": 41.201716738197426,
      "direction_accuracy": 59.743589743589745,
      "naive_mae": 0.32739767919572665,
      "improvement_vs_naive": -16.70867991647342,
      "trained_mse": 0.2617346455804036,
      "naive_mse": 0.20577804912148867
    },
    "successful_dribbles": {
      "mae": 0.2961464868976543,
      "mean_pct_error": 68.28383332222278,
      "within_10_pct": 14.982578397212542,
      "within_20_pct": 29.268292682926827,
      "direction_accuracy": 68.97133220910624,
      "naive_mae": 0.30918326631361387,
      "improvement_vs_naive": 4.2165216673582675,
      "trained_mse": 0.17319810724110035,
      "naive_mse": 0.2077768040668533
    },
    "successful_crosses": {
      "mae": 0.30419799123309466,
      "mean_pct_error": 138.86820751019357,
      "within_10_pct": 12.278876170655566,
      "within_20_pct": 22.2684703433923,
      "direction_accuracy": 66.57032755298651,
      "naive_mae": 0.23048919053364983,
      "improvement_vs_naive": -31.979287414211232,
      "trained_mse": 0.16745335449104373,
      "naive_mse": 0.14637232376904405
    },
    "touches_in_opposition_box": {
      "mae": 0.8433308619081235,
      "mean_pct_error": 52.524742959365945,
      "within_10_pct": 24.579663730984787,
      "within_20_pct": 45.236188951160926,
      "direction_accuracy": 61.23595505617978,
      "naive_mae": 0.8904020813606184,
      "improvement_vs_naive": 5.286512738218858,
      "trained_mse": 1.3837896463695027,
      "naive_mse": 1.5752061154455022
    },
    "successful_passes": {
      "mae": 5.203164930893086,
      "mean_pct_error": 18.009939940232304,
      "within_10_pct": 37.389911929543636,
      "within_20_pct": 67.49399519615693,
      "direction_accuracy": 57.00560448358687,
      "naive_mae": 5.324730843711224,
      "improvement_vs_naive": 2.2830433384574427,
      "trained_mse": 53.710963683118955,
      "naive_mse": 56.65092720082807
    },
    "pass_completion_pct": {
      "mae": 3.6080077612590644,
      "mean_pct_error": 4.751162149328307,
      "within_10_pct": 89.19135308246598,
      "within_20_pct": 99.03923138510808,
      "direction_accuracy": 57.726180944755804,
      "naive_mae": 3.7279177864997077,
      "improvement_vs_naive": 3.216541568456414,
      "trained_mse": 22.44661603897883,
      "naive_mse": 24.26657672998602
    },
    "accurate_long_balls": {
      "mae": 0.5785625858604195,
      "mean_pct_error": 52.5736411590225,
      "within_10_pct": 16.46489104116223,
      "within_20_pct": 34.94753833736885,
      "direction_accuracy": 57.64611689351481,
      "naive_mae": 0.5862829538794447,
      "improvement_vs_naive": 1.316833103868941,
      "trained_mse": 0.7006667868723334,
      "naive_mse": 0.7303223112632445
    },
    "chances_created": {
      "mae": 0.3371851754857899,
      "mean_pct_error": 77.37765263715386,
      "within_10_pct": 16.65278934221482,
      "within_20_pct": 30.97418817651957,
      "direction_accuracy": 63.07565789473685,
      "naive_mae": 0.30717734278763553,
      "improvement_vs_naive": -9.76889520100447,
      "trained_mse": 0.2055430520197373,
      "naive_mse": 0.18104418554369475
    },
    "clearances": {
      "mae": 0.5232867787533585,
      "mean_pct_error": 51.78260821778266,
      "within_10_pct": 21.146085552865213,
      "within_20_pct": 40.274414850686036,
      "direction_accuracy": 59.42028985507246,
      "naive_mae": 0.5273662933690535,
      "improvement_vs_naive": 0.7735637766367706,
      "trained_mse": 0.5887533402700985,
      "naive_mse": 0.6178161329765759
    },
    "interceptions": {
      "mae": 0.2828259735101504,
      "mean_pct_error": 74.13989413349472,
      "within_10_pct": 17.34253666954271,
      "within_20_pct": 33.994823123382226,
      "direction_accuracy": 67.19932716568545,
      "naive_mae": 0.264070856406557,
      "improvement_vs_naive": -7.10230479758754,
      "trained_mse": 0.14070423356057693,
      "naive_mse": 0.12778245214540815
    },
    "possession_won_final_3rd": {
      "mae": 0.3020409099098979,
      "mean_pct_error": 59.69437669762164,
      "within_10_pct": 20.219039595619208,
      "within_20_pct": 39.34288121314238,
      "direction_accuracy": 62.904564315352694,
      "naive_mae": 0.2866778218875631,
      "improvement_vs_naive": -5.359008213882806,
      "trained_mse": 0.15968565976373422,
      "naive_mse": 0.15398354724853933
    }
  },
  "overall": {
    "mean_trained_mse": 6.150102658764104,
    "mean_naive_mse": 6.529067623767487,
    "overall_improvement_pct": 5.804273854108247,
    "metrics_improved": 6,
    "metrics_total": 13
  },
  "meta": {
    "n_train": 6999,
    "n_test": 1337,
    "leakage_check": "passed"
  }
}