{
  "n_samples": 1342,
  "skipped_no_coverage": 71,
  "per_metric": {
    "expected_goals": {
      "mae": 0.05750493221736918,
      "mean_pct_error": 69.79671372843143,
      "within_10_pct": 10.808270676691729,
      "within_20_pct": 21.14661654135338,
      "direction_accuracy": 61.06870229007634,
      "naive_mae": 0.06002116460104185,
      "improvement_vs_naive": 4.19224185401593,
      "trained_mse": 0.009107972114773865,
      "naive_mse": 0.010396396556812208
    },
    "expected_assists": {
      "mae": 0.03553984296868737,
      "mean_pct_error": 60.82240020592044,
      "within_10_pct": 13.303571428571429,
      "within_20_pct": 25.80357142857143,
      "direction_accuracy": 66.50943396226415,
      "naive_mae": 0.039361919566492876,
      "improvement_vs_naive": 9.710086906074261,
      "trained_mse": 0.0026619207590755103,
      "naive_mse": 0.003799268012500641
    },
    "shots": {
      "mae": 0.30613221354822145,
      "mean_pct_error": 36.88337897406606,
      "within_10_pct": 22.19409282700422,
      "within_20_pct": 41.434599156118146,
      "direction_accuracy": 62.00836820083681,
      "naive_mae": 0.32506947359180094,
      "improvement_vs_naive": 5.825603934548326,
      "trained_mse": 0.17996350621142962,
      "naive_mse": 0.20129503406339802
    },
    "successful_dribbles": {
      "mae": 0.2510470313944046,
      "mean_pct_error": 52.818710018849636,
      "within_10_pct": 16.16766467065868,
      "within_20_pct": 30.881094952951237,
      "direction_accuracy": 67.30290456431536,
      "naive_mae": 0.30842785120016236,
      "improvement_vs_naive": 18.604292570361608,
      "trained_mse": 0.13864994235389314,
      "naive_mse": 0.2044297058811607
    },
    "successful_crosses": {
      "mae": 0.22230267473256748,
      "mean_pct_error": 88.79535879688767,
      "within_10_pct": 10.699588477366255,
      "within_20_pct": 19.54732510288066,
      "direction_accuracy": 60.05692599620494,
      "naive_mae": 0.22950346134808192,
      "improvement_vs_naive": 3.137550332887218,
      "trained_mse": 0.1355593674757003,
      "naive_mse": 0.14583633700027024
    },
    "touches_in_opposition_box": {
      "mae": 0.8353844022091089,
      "mean_pct_error": 53.832387885155384,
      "within_10_pct": 24.075531077891423,
      "within_20_pct": 45.476003147128246,
      "direction_accuracy": 61.496062992125985,
      "naive_mae": 0.8894194166412699,
      "improvement_vs_naive": 6.075313111132016,
      "trained_mse": 1.329046156005076,
      "naive_mse": 1.562625938219175
    },
    "successful_passes": {
      "mae": 5.117349217647436,
      "mean_pct_error": 18.31272907654317,
      "within_10_pct": 36.66404405979544,
      "within_20_pct": 66.56176239181747,
      "direction_accuracy": 59.48072383949646,
      "naive_mae": 5.323443392521748,
      "improvement_vs_naive": 3.8714448464658817,
      "trained_mse": 51.44920520159028,
      "naive_mse": 56.7193073829117
    },
    "pass_completion_pct": {
      "mae": 3.5540860343862244,
      "mean_pct_error": 4.710655588869584,
      "within_10_pct": 88.67033831628639,
      "within_20_pct": 99.213217938631,
      "direction_accuracy": 60.582218725413064,
      "naive_mae": 3.7424577642481314,
      "improvement_vs_naive": 5.03336955894147,
      "trained_mse": 21.97035889258579,
      "naive_mse": 24.819660946658104
    },
    "accurate_long_balls": {
      "mae": 0.5684653531466145,
      "mean_pct_error": 44.28069986965918,
      "within_10_pct": 17.04996034892942,
      "within_20_pct": 34.417129262490086,
      "direction_accuracy": 55.748031496062985,
      "naive_mae": 0.5952106305346022,
      "improvement_vs_naive": 4.493413930454471,
      "trained_mse": 0.6906994735145484,
      "naive_mse": 0.7728956813772805
    },
    "chances_created": {
      "mae": 0.28148420436299676,
      "mean_pct_error": 42.957932217051294,
      "within_10_pct": 15.372035977105478,
      "within_20_pct": 35.32297628781684,
      "direction_accuracy": 63.238866396761125,
      "naive_mae": 0.3055311575074725,
      "improvement_vs_naive": 7.87054038633936,
      "trained_mse": 0.15264994910978055,
      "naive_mse": 0.17850332445675524
    },
    "clearances": {
      "mae": 0.48846397504069783,
      "mean_pct_error": 45.83005758052064,
      "within_10_pct": 22.5218080888184,
      "within_20_pct": 41.63362410785091,
      "direction_accuracy": 61.70886075949367,
      "naive_mae": 0.5189468141800536,
      "improvement_vs_naive": 5.873981361176537,
      "trained_mse": 0.5078699391208689,
      "naive_mse": 0.6017825551073535
    },
    "interceptions": {
      "mae": 0.23244257218224226,
      "mean_pct_error": 46.04148944038991,
      "within_10_pct": 18.543607112616428,
      "within_20_pct": 36.15580016934801,
      "direction_accuracy": 67.07920792079209,
      "naive_mae": 0.2652380008962706,
      "improvement_vs_naive": 12.364528688652717,
      "trained_mse": 0.10498276287848536,
      "naive_mse": 0.13332435296654513
    },
    "possession_won_final_3rd": {
      "mae": 0.25126078896529325,
      "mean_pct_error": 39.763163465405945,
      "within_10_pct": 21.807628524046436,
      "within_20_pct": 41.376451077943614,
      "direction_accuracy": 64.19249592169658,
      "naive_mae": 0.28784988221897795,
      "improvement_vs_naive": 12.711171869040419,
      "trained_mse": 0.11225546336330881,
      "naive_mse": 0.1556974101982729
    }
  },
  "overall": {
    "mean_trained_mse": 5.906385426698692,
    "mean_naive_mse": 6.57765802564687,
    "overall_improvement_pct": 10.205343548278538,
    "metrics_improved": 13,
    "metrics_total": 13
  },
  "meta": {
    "n_train": 7047,
    "n_test": 1342,
    "leakage_check": "passed"
  }
}