{
  "n_samples": 1344,
  "skipped_no_coverage": 74,
  "per_metric": {
    "expected_goals": {
      "mae": 0.05780062940209787,
      "mean_pct_error": 70.51625781681774,
      "within_10_pct": 11.100658513640639,
      "within_20_pct": 23.706491063029162,
      "direction_accuracy": 64.27889207258835,
      "naive_mae": 0.06001267731973469,
      "improvement_vs_naive": 3.6859677262047565,
      "trained_mse": 0.009277471753312934,
      "naive_mse": 0.010388491446549247
    },
    "expected_assists": {
      "mae": 0.03681839258405682,
      "mean_pct_error": 68.80243992431579,
      "within_10_pct": 13.58355674709562,
      "within_20_pct": 27.07774798927614,
      "direction_accuracy": 67.6109537299339,
      "naive_mae": 0.03929385811550631,
      "improvement_vs_naive": 6.2998790400594595,
      "trained_mse": 0.002903005694262156,
      "naive_mse": 0.003784684409212623
    },
    "shots": {
      "mae": 0.3097021926113764,
      "mean_pct_error": 37.975692054673665,
      "within_10_pct": 22.21283783783784,
      "within_20_pct": 41.807432432432435,
      "direction_accuracy": 59.96649916247906,
      "naive_mae": 0.32590094477700904,
      "improvement_vs_naive": 4.970452656010653,
      "trained_mse": 0.1821910140010417,
      "naive_mse": 0.20199228338827238
    },
    "successful_dribbles": {
      "mae": 0.25298489312985983,
      "mean_pct_error": 52.81560177476792,
      "within_10_pct": 16.60958904109589,
      "within_20_pct": 30.47945205479452,
      "direction_accuracy": 69.93355481727575,
      "naive_mae": 0.3088788969500914,
      "improvement_vs_naive": 18.095766454793743,
      "trained_mse": 0.14204279123075456,
      "naive_mse": 0.20493912003756687
    },
    "successful_crosses": {
      "mae": 0.2211656914451471,
      "mean_pct_error": 93.05767839042439,
      "within_10_pct": 11.019567456230691,
      "within_20_pct": 22.245108135942328,
      "direction_accuracy": 60.96866096866097,
      "naive_mae": 0.23000527515010102,
      "improvement_vs_naive": 3.843209117349685,
      "trained_mse": 0.13338287949577135,
      "naive_mse": 0.14593603377907183
    },
    "touches_in_opposition_box": {
      "mae": 0.8543467475534013,
      "mean_pct_error": 55.04563816232608,
      "within_10_pct": 23.62204724409449,
      "within_20_pct": 43.7007874015748,
      "direction_accuracy": 60.7565011820331,
      "naive_mae": 0.8915390377673578,
      "improvement_vs_naive": 4.171695084389738,
      "trained_mse": 1.3757605702206979,
      "naive_mse": 1.5673161632895412
    },
    "successful_passes": {
      "mae": 5.1196273311869955,
      "mean_pct_error": 17.957184017818143,
      "within_10_pct": 38.267716535433074,
      "within_20_pct": 65.59055118110237,
      "direction_accuracy": 57.637795275590555,
      "naive_mae": 5.323835857646672,
      "improvement_vs_naive": 3.835740468338628,
      "trained_mse": 51.49031367937785,
      "naive_mse": 56.6561213929186
    },
    "pass_completion_pct": {
      "mae": 3.5937333999373986,
      "mean_pct_error": 4.755131707282803,
      "within_10_pct": 88.58267716535433,
      "within_20_pct": 99.21259842519686,
      "direction_accuracy": 59.527559055118104,
      "naive_mae": 3.7365355664350854,
      "improvement_vs_naive": 3.8217799338099177,
      "trained_mse": 22.372963325914785,
      "naive_mse": 24.68061921591781
    },
    "accurate_long_balls": {
      "mae": 0.5611972266529489,
      "mean_pct_error": 43.96793572067771,
      "within_10_pct": 17.936507936507937,
      "within_20_pct": 36.82539682539683,
      "direction_accuracy": 59.4956658786446,
      "naive_mae": 0.595862291037567,
      "improvement_vs_naive": 5.817630164892013,
      "trained_mse": 0.6829926781253122,
      "naive_mse": 0.7728817293071747
    },
    "chances_created": {
      "mae": 0.2851614825453256,
      "mean_pct_error": 42.3329065863846,
      "within_10_pct": 16.53027823240589,
      "within_20_pct": 32.48772504091653,
      "direction_accuracy": 61.58833063209076,
      "naive_mae": 0.30590070913157125,
      "improvement_vs_naive": 6.779724913068278,
      "trained_mse": 0.16198898970143946,
      "naive_mse": 0.17875408616363678
    },
    "clearances": {
      "mae": 0.502630288224286,
      "mean_pct_error": 46.528020609194755,
      "within_10_pct": 20.793650793650794,
      "within_20_pct": 38.80952380952381,
      "direction_accuracy": 59.033280507131536,
      "naive_mae": 0.5195974805076995,
      "improvement_vs_naive": 3.265449298721543,
      "trained_mse": 0.52517695320361,
      "naive_mse": 0.6026395444592164
    },
    "interceptions": {
      "mae": 0.2361402435210812,
      "mean_pct_error": 46.30053679802952,
      "within_10_pct": 19.253604749787957,
      "within_20_pct": 36.21713316369805,
      "direction_accuracy": 66.80429397192404,
      "naive_mae": 0.265689448625084,
      "improvement_vs_naive": 11.121708166025005,
      "trained_mse": 0.10691838261614274,
      "naive_mse": 0.1333670335864384
    },
    "possession_won_final_3rd": {
      "mae": 0.2574654977992324,
      "mean_pct_error": 39.82722788263903,
      "within_10_pct": 21.991701244813278,
      "within_20_pct": 41.327800829875514,
      "direction_accuracy": 63.59183673469387,
      "naive_mae": 0.2882666934472252,
      "improvement_vs_naive": 10.684965120201026,
      "trained_mse": 0.11980595948864546,
      "naive_mse": 0.15588703720872774
    }
  },
  "overall": {
    "mean_trained_mse": 5.946593669294126,
    "mean_naive_mse": 6.562663601223987,
    "overall_improvement_pct": 9.38749826846159,
    "metrics_improved": 13,
    "metrics_total": 13
  },
  "meta": {
    "n_train": 7047,
    "n_test": 1344,
    "leakage_check": "passed"
  }
}