{
  "n_samples": 1340,
  "skipped_no_coverage": 74,
  "per_metric": {
    "expected_goals": {
      "mae": 0.057962828569556424,
      "mean_pct_error": 69.14349034424116,
      "within_10_pct": 10.775047258979207,
      "within_20_pct": 23.062381852551987,
      "direction_accuracy": 63.08724832214765,
      "naive_mae": 0.060132780562309064,
      "improvement_vs_naive": 3.608600787226453,
      "trained_mse": 0.009544332970715903,
      "naive_mse": 0.010383228084429616
    },
    "expected_assists": {
      "mae": 0.037414806131775585,
      "mean_pct_error": 64.3785987811676,
      "within_10_pct": 13.363228699551568,
      "within_20_pct": 24.2152466367713,
      "direction_accuracy": 66.1611374407583,
      "naive_mae": 0.03951587663725457,
      "improvement_vs_naive": 5.317028709159765,
      "trained_mse": 0.0031558400680063966,
      "naive_mse": 0.0038097407834511957
    },
    "shots": {
      "mae": 0.3113170266464076,
      "mean_pct_error": 37.812046061339785,
      "within_10_pct": 21.54368108566582,
      "within_20_pct": 41.815097540288384,
      "direction_accuracy": 59.882253994953736,
      "naive_mae": 0.3259214064633065,
      "improvement_vs_naive": 4.480951397263653,
      "trained_mse": 0.18296957853899806,
      "naive_mse": 0.2017053195398964
    },
    "successful_dribbles": {
      "mae": 0.256112728943963,
      "mean_pct_error": 53.245241622150814,
      "within_10_pct": 15.391229578675839,
      "within_20_pct": 29.664660361135,
      "direction_accuracy": 69.58333333333333,
      "naive_mae": 0.3090785932705089,
      "improvement_vs_naive": 17.136697746061515,
      "trained_mse": 0.14428343448112188,
      "naive_mse": 0.2054369172787187
    },
    "successful_crosses": {
      "mae": 0.22271750433535806,
      "mean_pct_error": 87.11403517214848,
      "within_10_pct": 10.13443640124095,
      "within_20_pct": 19.33815925542916,
      "direction_accuracy": 60.49618320610687,
      "naive_mae": 0.23034075749405375,
      "improvement_vs_naive": 3.309554610148613,
      "trained_mse": 0.13877889723444825,
      "naive_mse": 0.14683113694801536
    },
    "touches_in_opposition_box": {
      "mae": 0.8587952831106799,
      "mean_pct_error": 55.17397537573879,
      "within_10_pct": 24.80252764612954,
      "within_20_pct": 44.07582938388626,
      "direction_accuracy": 61.34387351778656,
      "naive_mae": 0.8917216346209271,
      "improvement_vs_naive": 3.6924473099998654,
      "trained_mse": 1.3989112134796844,
      "naive_mse": 1.5648353794953147
    },
    "successful_passes": {
      "mae": 5.167513906391114,
      "mean_pct_error": 18.148278296181733,
      "within_10_pct": 36.57187993680885,
      "within_20_pct": 67.29857819905213,
      "direction_accuracy": 59.320695102685626,
      "naive_mae": 5.316015732796836,
      "improvement_vs_naive": 2.7934798140184025,
      "trained_mse": 52.38049436956187,
      "naive_mse": 56.55992539051537
    },
    "pass_completion_pct": {
      "mae": 3.5995286433294704,
      "mean_pct_error": 4.795262103281348,
      "within_10_pct": 89.0995260663507,
      "within_20_pct": 99.0521327014218,
      "direction_accuracy": 58.60979462875198,
      "naive_mae": 3.763467354797074,
      "improvement_vs_naive": 4.356055095273784,
      "trained_mse": 22.839668432294378,
      "naive_mse": 25.167453944101744
    },
    "accurate_long_balls": {
      "mae": 0.5675347121189662,
      "mean_pct_error": 42.73186369585161,
      "within_10_pct": 16.878980891719745,
      "within_20_pct": 36.146496815286625,
      "direction_accuracy": 58.498023715415016,
      "naive_mae": 0.5952161219100487,
      "improvement_vs_naive": 4.6506485244809594,
      "trained_mse": 0.6913785453797002,
      "naive_mse": 0.7729387949722063
    },
    "chances_created": {
      "mae": 0.2904489180136821,
      "mean_pct_error": 44.41552657098808,
      "within_10_pct": 16.666666666666664,
      "within_20_pct": 32.01970443349754,
      "direction_accuracy": 60.081300813008134,
      "naive_mae": 0.3061058454386196,
      "improvement_vs_naive": 5.114873713862806,
      "trained_mse": 0.16373539860229736,
      "naive_mse": 0.17935346316785372
    },
    "clearances": {
      "mae": 0.5182922448562738,
      "mean_pct_error": 50.73494727613957,
      "within_10_pct": 21.894904458598727,
      "within_20_pct": 39.96815286624204,
      "direction_accuracy": 59.30047694753577,
      "naive_mae": 0.5189137431759075,
      "improvement_vs_naive": 0.11976909993364332,
      "trained_mse": 0.5602821436654549,
      "naive_mse": 0.6026580208415339
    },
    "interceptions": {
      "mae": 0.2347179953567794,
      "mean_pct_error": 45.69196856487697,
      "within_10_pct": 18.143100511073254,
      "within_20_pct": 36.45655877342419,
      "direction_accuracy": 65.47717842323651,
      "naive_mae": 0.26502661922531673,
      "improvement_vs_naive": 11.436067802219505,
      "trained_mse": 0.10641475115972782,
      "naive_mse": 0.1331097870258138
    },
    "possession_won_final_3rd": {
      "mae": 0.2559728454559376,
      "mean_pct_error": 40.38152741469403,
      "within_10_pct": 22.398001665278937,
      "within_20_pct": 41.4654454621149,
      "direction_accuracy": 64.78296478296478,
      "naive_mae": 0.28782346004128784,
      "improvement_vs_naive": 11.06602449320194,
      "trained_mse": 0.11888776286204746,
      "naive_mse": 0.15570344100696526
    }
  },
  "overall": {
    "mean_trained_mse": 6.056808053869113,
    "mean_naive_mse": 6.5926265049047155,
    "overall_improvement_pct": 8.127541437952988,
    "metrics_improved": 13,
    "metrics_total": 13
  },
  "meta": {
    "n_train": 7034,
    "n_test": 1340,
    "leakage_check": "passed"
  }
}